--Insert values into the products table

INSERT INTO products (product_id, product_name, product_price, product_description, material_id)
VALUES
  (201, 'Steel Beam', 150, 'Structural steel beam', 1),
  (202, 'Aluminum Frame', 120, 'Aluminum frame for windows', 2),
  (203, 'Copper Wire Spool', 180, 'Spool of copper wire for electrical wiring', 3),
  (204, 'Plastic Injection Mold', 300, 'Injection mold for plastic parts', 4),
  (205, 'Glass Display Case', 200, 'Glass display case for retail', 5),
  (206, 'Rubber Gasket Set', 60, 'Set of rubber gaskets', 6),
  (207, 'Carbon Fiber Wing', 450, 'Aircraft carbon fiber wing', 7),
  (208, 'Wooden Table', 100, 'Wooden dining table', 8),
  (209, 'Bronze Sculpture', 350, 'Artistic bronze sculpture', 9),
  (210, 'Ceramic Tiles Set', 80, 'Set of ceramic tiles for flooring', 10),
  (211, 'Brass Ornament', 75, 'Brass decorative ornament', 11),
  (212, 'Stainless Steel Sink', 250, 'Stainless steel kitchen sink', 12),
  (213, 'Fiberglass Insulation', 70, 'Fiberglass insulation material', 13),
  (214, 'Acrylic Signboard', 90, 'Acrylic signboard for businesses', 14),
  (215, 'Titanium Dental Implant', 600, 'Medical titanium dental implant', 15),
  (216, 'PVC Pipe Fittings', 45, 'Fittings for PVC pipes', 16),
  (217, 'Galvanized Iron Sheet', 80, 'Galvanized iron roofing sheet', 17),
  (218, 'Nylon Thread Spool', 25, 'Spool of nylon thread', 18),
  (219, 'Platinum Ring', 700, 'Platinum engagement ring', 19),
  (220, 'Cork Bulletin Board', 40, 'Cork bulletin board for offices', 20),
  (221, 'Granite Countertop', 300, 'Granite countertop for kitchens', 21),
  (222, 'Rubber Hose Assembly', 55, 'Assembly of rubber hoses', 22),
  (223, 'Nickel-Plated Tray', 70, 'Nickel-plated serving tray', 23),
  (224, 'Graphite Electrode', 200, 'Graphite electrode for metallurgy', 24),
  (225, 'Lead-Acid Battery', 150, 'Lead-acid battery for UPS', 25),
  (226, 'Teflon Non-Stick Pan', 30, 'Non-stick Teflon frying pan', 26),
  (227, 'Cork Flooring', 60, 'Cork flooring material', 27),
  (228, 'Ceramic Mug Set', 35, 'Set of ceramic mugs', 28),
  (229, 'Rubber Ball', 15, 'Rubber ball for sports', 29),
  (230, 'Stainless Steel Wire Roll', 70, 'Roll of stainless steel wire', 30);

--Insert values into the orders table

INSERT INTO orders (order_id, customer_name, order_date, order_status, product_id)
VALUES
  (101, 'ABC Manufacturing', '2023-10-14', 'In Progress', 201),
  (102, 'XYZ Industries', '2023-10-14', 'Shipped', 202),
  (103, 'Smith Manufacturing', '2023-10-14', 'Completed', 203),
  (104, 'Johnson Products', '2023-10-14', 'In Progress', 204),
  (105, 'Industrial Innovations', '2023-10-14', 'Shipped', 205),
  (106, 'Precision Manufacturing', '2023-10-14', 'Completed', 206),
  (107, 'Techtronics Inc.', '2023-10-14', 'In Progress', 207),
  (108, 'Global Gadgets', '2023-10-14', 'Shipped', 208),
  (109, 'MegaMakers', '2023-10-14', 'Completed', 209),
  (110, 'Acme Manufacturing', '2023-10-14', 'In Progress', 210),
  (111, 'ProLine Tech', '2023-10-14', 'Shipped', 211),
  (112, 'Quality Tools Inc.', '2023-10-14', 'Completed', 212),
  (113, 'Innovate Manufacturing', '2023-10-14', 'In Progress', 213),
  (114, 'Omega Electronics', '2023-10-14', 'Shipped', 214),
  (115, 'Elite Machinists', '2023-10-14', 'Completed', 215),
  (116, 'Atlas Industries', '2023-10-14', 'In Progress', 216),
  (117, 'Power Parts Co.', '2023-10-14', 'Shipped', 217),
  (118, 'Superior Systems', '2023-10-14', 'Completed', 218),
  (119, 'Creative Works', '2023-10-14', 'In Progress', 219),
  (120, 'Quantum Tech', '2023-10-14', 'Shipped', 220),
  (121, 'Industrial Creations', '2023-10-14', 'Completed', 221),
  (122, 'Starlight Manufacturing', '2023-10-14', 'In Progress', 222),
  (123, 'MasterCraft Machines', '2023-10-14', 'Shipped', 223),
  (124, 'UltraTech Solutions', '2023-10-14', 'Completed', 224),
  (125, 'Future Fabricators', '2023-10-14', 'In Progress', 225),
  (126, 'Quantum Dynamics', '2023-10-14', 'Shipped', 226),
  (127, 'Dynamic Manufacturing', '2023-10-14', 'Completed', 227),
  (128, 'Machinist Masters', '2023-10-14', 'In Progress', 228),
  (129, 'Precision Producers', '2023-10-14', 'Shipped', 229),
  (130, 'TechMasters Inc.', '2023-10-14', 'Completed', 230);
  
--Insert values into the suppliers table

INSERT INTO suppliers (supplier_id, supplier_name, phone_number, supplier_address, product_id)
VALUES
  (331, 'Supplier Alpha', 1234567890, '123 Main Street, City, Country', 201),
  (332, 'Supplier Beta', 9876543210, '456 Elm Street, City, Country', 202),
  (333, 'Supplier Gamma', 5551234567, '789 Oak Street, City, Country', 203),
  (334, 'Supplier Delta', 8889990000, '321 Pine Street, City, Country', 204),
  (335, 'Supplier Epsilon', 4447778888, '654 Birch Street, City, Country', 205),
  (336, 'Supplier Zeta', 1112223333, '876 Cedar Street, City, Country', 206),
  (337, 'Supplier Eta', 9998887777, '543 Maple Street, City, Country', 207),
  (338, 'Supplier Theta', 5556667777, '987 Redwood Street, City, Country', 208),
  (339, 'Supplier Iota', 7777777777, '654 Walnut Street, City, Country', 209),
  (340, 'Supplier Kappa', 6665554444, '321 Sycamore Street, City, Country', 210),
  (341, 'Supplier Lambda', 3334445555, '111 Cedar Street, City, Country', 211),
  (342, 'Supplier Mu', 1110009999, '222 Pine Street, City, Country', 212),
  (343, 'Supplier Nu', 7778889999, '333 Oak Street, City, Country', 213),
  (344, 'Supplier Xi', 4443332222, '444 Birch Street, City, Country', 214),
  (345, 'Supplier Omicron', 2221110000, '555 Elm Street, City, Country', 215),
  (346, 'Supplier Pi', 9990001111, '666 Redwood Street, City, Country', 216),
  (347, 'Supplier Rho', 5554443333, '777 Walnut Street, City, Country', 217),
  (348, 'Supplier Sigma', 2223334444, '888 Cedar Street, City, Country', 218),
  (349, 'Supplier Tau', 6667778888, '999 Pine Street, City, Country', 219),
  (350, 'Supplier Upsilon', 3332221111, '1010 Maple Street, City, Country', 220),
  (351, 'Supplier Phi', 8889990000, '2020 Sycamore Street, City, Country', 221),
  (352, 'Supplier Chi', 5556667777, '3030 Redwood Street, City, Country', 222),
  (353, 'Supplier Psi', 1112223333, '4040 Cedar Street, City, Country', 223),
  (354, 'Supplier Omega', 9998887777, '5050 Elm Street, City, Country', 224),
  (355, 'Supplier Delta Prime', 1234567890, '6060 Oak Street, City, Country', 225),
  (356, 'Supplier Zeta Pro', 5551234567, '7070 Birch Street, City, Country', 226),
  (357, 'Supplier Alpha Plus', 9876543210, '8080 Walnut Street, City, Country', 227),
  (358, 'Supplier Beta Corp', 4447778888, '9090 Pine Street, City, Country', 228),
  (359, 'Supplier Gamma Innovations', 1110009999, '10101 Maple Street, City, Country', 229),
  (360, 'Supplier Delta Enterprises', 6665554444, '20202 Sycamore Street, City, Country', 230);
  
--Insert values into the materials table

INSERT INTO materials (material_id, material_name, material_price, material_description)
VALUES
  (1, 'Steel Plate', 100, 'Durable steel material for structural use'),
  (2, 'Aluminum Bar', 80, 'Lightweight aluminum material for various applications'),
  (3, 'Copper Wire', 120, 'High-quality copper wire for electrical purposes'),
  (4, 'Plastic Resin', 50, 'Versatile plastic resin for molding and fabrication'),
  (5, 'Glass Sheet', 90, 'Clear glass sheet for windows and displays'),
  (6, 'Rubber Sheet', 30, 'Flexible rubber material for sealing and padding'),
  (7, 'Carbon Fiber', 150, 'High-strength carbon fiber for aerospace and sports equipment'),
  (8, 'Wood Plank', 70, 'Natural wood plank for construction and furniture'),
  (9, 'Bronze Ingot', 110, 'Bronze ingot for artistic and engineering applications'),
  (10, 'Ceramic Tile', 40, 'Ceramic tile for flooring and decoration'),
  (11, 'Brass Rod', 95, 'Brass rod for machining and decorative purposes'),
  (12, 'Stainless Steel Sheet', 120, 'Corrosion-resistant stainless steel sheet for industrial use'),
  (13, 'Fiberglass Cloth', 65, 'Fiberglass cloth for insulation and reinforcement'),
  (14, 'Acrylic Sheet', 85, 'Transparent acrylic sheet for displays and signage'),
  (15, 'Titanium Bar', 200, 'Titanium bar for aerospace and medical applications'),
  (16, 'PVC Pipe', 55, 'PVC pipe for plumbing and construction'),
  (17, 'Galvanized Iron', 70, 'Galvanized iron sheet for roofing and cladding'),
  (18, 'Nylon Thread', 45, 'Strong nylon thread for sewing and crafting'),
  (19, 'Platinum Ingot', 250, 'Precious platinum ingot for jewelry and electronics'),
  (20, 'Cork Sheet', 35, 'Cork sheet for insulation and bulletin boards'),
  (21, 'Granite Slab', 150, 'Granite slab for countertops and monuments'),
  (22, 'Rubber Hose', 40, 'Flexible rubber hose for fluid transfer'),
  (23, 'Nickel Plate', 130, 'Nickel-plated sheet for electroplating and corrosion resistance'),
  (24, 'Graphite Rod', 60, 'High-temperature graphite rod for metallurgy and electronics'),
  (25, 'Lead Ingot', 70, 'Lead ingot for radiation shielding and batteries'),
  (26, 'Teflon Sheet', 75, 'Teflon sheet for non-stick applications'),
  (27, 'Cork Roll', 45, 'Cork roll for flooring and gaskets'),
  (28, 'Ceramic Mug', 25, 'Ceramic mug for beverages and promotion'),
  (29, 'Rubber Ball', 20, 'Rubber ball for sports and industrial uses'),
  (30, 'Stainless Steel Wire', 55, 'Stainless steel wire for fencing and crafting');